rank,title,title_english,title_japanese,type,favorites,source,episodes,status,duration,synopsis,members,score,scored_by,popularity,year,rating,genres
1,Sousou no Frieren,Frieren: Beyond Journey's End,葬送のフリーレン,TV,81077,Manga,28,Finished Airing,24 min per ep,"During their decade-long quest to defeat the Demon King, the members of the hero's party—Himmel himself, the priest Heiter, the dwarf warrior Eisen, and the elven mage Frieren—forge bonds through adventures and battles, creating unforgettable precious memories for most of them.

However, the time that Frieren spends with her comrades is equivalent to merely a fraction of her life, which has lasted over a thousand years. When the party disbands after their victory, Frieren casually returns to her ""usual"" routine of collecting spells across the continent. Due to her different sense of time, she seemingly holds no strong feelings toward the experiences she went through.

As the years pass, Frieren gradually realizes how her days in the hero's party truly impacted her. Witnessing the deaths of two of her former companions, Frieren begins to regret having taken their presence for granted; she vows to better understand humans and create real personal connections. Although the story of that once memorable journey has long ended, a new tale is about to begin.

[Written by MAL Rewrite]",1292051,9.29,780022,119,2023.0,PG-13 - Teens 13 or older,2 8 10
2,Chainsaw Man Movie: Reze-hen,Chainsaw Man – The Movie: Reze Arc,劇場版 チェンソーマン レゼ篇,Movie,9780,Manga,1,Finished Airing,1 hr 39 min,Sequel to Chainsaw Man.,343614,9.12,194807,784,,R - 17+ (violence & profanity),1 10
3,Fullmetal Alchemist: Brotherhood,Fullmetal Alchemist: Brotherhood,鋼の錬金術師 FULLMETAL ALCHEMIST,TV,239040,Manga,64,Finished Airing,24 min per ep,"After a horrific alchemy experiment goes wrong in the Elric household, brothers Edward and Alphonse are left in a catastrophic new reality. Ignoring the alchemical principle banning human transmutation, the boys attempted to bring their recently deceased mother back to life. Instead, they suffered brutal personal loss: Alphonse's body disintegrated while Edward lost a leg and then sacrificed an arm to keep Alphonse's soul in the physical realm by binding it to a hulking suit of armor.

The brothers are rescued by their neighbor Pinako Rockbell and her granddaughter Winry. Known as a bio-mechanical engineering prodigy, Winry creates prosthetic limbs for Edward by utilizing ""automail,"" a tough, versatile metal used in robots and combat armor. After years of training, the Elric brothers set off on a quest to restore their bodies by locating the Philosopher's Stone—a powerful gem that allows an alchemist to defy the traditional laws of Equivalent Exchange.

As Edward becomes an infamous alchemist and gains the nickname ""Fullmetal,"" the boys' journey embroils them in a growing conspiracy that threatens the fate of the world.

[Written by MAL Rewrite]",3615006,9.1,2271913,3,2009.0,R - 17+ (violence & profanity),1 2 8 10
4,Steins;Gate,Steins;Gate,STEINS;GATE,TV,199834,Visual novel,24,Finished Airing,24 min per ep,"Eccentric scientist Rintarou Okabe has a never-ending thirst for scientific exploration. Together with his ditzy but well-meaning friend Mayuri Shiina and his roommate Itaru Hashida, Okabe founds the Future Gadget Laboratory in the hopes of creating technological innovations that baffle the human psyche. Despite claims of grandeur, the only notable ""gadget"" the trio have created is a microwave that has the mystifying power to turn bananas into green goo.

However, when Okabe attends a conference on time travel, he experiences a series of strange events that lead him to believe that there is more to the ""Phone Microwave"" gadget than meets the eye. Apparently able to send text messages into the past using the microwave, Okabe dabbles further with the ""time machine,"" attracting the ire and attention of the mysterious organization SERN.

Due to the novel discovery, Okabe and his friends find themselves in an ever-present danger. As he works to mitigate the damage his invention has caused to the timeline, Okabe fights a battle to not only save his loved ones but also to preserve his degrading sanity.

[Written by MAL Rewrite]",2764681,9.07,1497052,14,2011.0,PG-13 - Teens 13 or older,8 24 41
5,Shingeki no Kyojin Season 3 Part 2,Attack on Titan Season 3 Part 2,進撃の巨人 Season3 Part.2,TV,62360,Manga,10,Finished Airing,23 min per ep,"Seeking to restore humanity's diminishing hope, the Survey Corps embark on a mission to retake Wall Maria, where the battle against the merciless ""Titans"" takes the stage once again.

Returning to the tattered Shiganshina District that was once his home, Eren Yeager and the Corps find the town oddly unoccupied by Titans. Even after the outer gate is plugged, they strangely encounter no opposition. The mission progresses smoothly until Armin Arlert, highly suspicious of the enemy's absence, discovers distressing signs of a potential scheme against them. 

Shingeki no Kyojin Season 3 Part 2 follows Eren as he vows to take back everything that was once his. Alongside him, the Survey Corps strive—through countless sacrifices—to carve a path towards victory and uncover the secrets locked away in the Yeager family's basement.

[Written by MAL Rewrite]",2531841,9.05,1752983,20,2019.0,R - 17+ (violence & profanity),1 8 41
7,Gintama°,Gintama Season 4,銀魂°,TV,17381,Manga,51,Finished Airing,24 min per ep,"Gintoki, Shinpachi, and Kagura return as the fun-loving but broke members of the Yorozuya team! Living in an alternate-reality Edo, where swords are prohibited and alien overlords have conquered Japan, they try to thrive on doing whatever work they can get their hands on. However, Shinpachi and Kagura still haven't been paid... Does Gin-chan really spend all that cash playing pachinko?

Meanwhile, when Gintoki drunkenly staggers home one night, an alien spaceship crashes nearby. A fatally injured crew member emerges from the ship and gives Gintoki a strange, clock-shaped device, warning him that it is incredibly powerful and must be safeguarded. Mistaking it for his alarm clock, Gintoki proceeds to smash the device the next morning and suddenly discovers that the world outside his apartment has come to a standstill. With Kagura and Shinpachi at his side, he sets off to get the device fixed; though, as usual, nothing is ever that simple for the Yorozuya team.

Filled with tongue-in-cheek humor and moments of heartfelt emotion, Gintama's fourth season finds Gintoki and his friends facing both their most hilarious misadventures and most dangerous crises yet.

[Written by MAL Rewrite]",681847,9.05,268958,347,2015.0,PG-13 - Teens 13 or older,1 4 24
6,Gintama: The Final,Gintama: The Very Final,銀魂 THE FINAL,Movie,4600,Manga,1,Finished Airing,1 hr 44 min,"Two years have passed following the Tendoshuu's invasion of the O-Edo Central Terminal. Since then, the Yorozuya have gone their separate ways. Foreseeing Utsuro's return, Gintoki Sakata begins surveying Earth's ley lines for traces of the other man's Altana. After an encounter with the remnants of the Tendoshuu—who continue to press on in search of immortality—Gintoki returns to Edo.

Later, the regrouped Shinsengumi and Yorozuya begin an attack on the occupied Central Terminal. With the Altana harvested by the wreckage of the Tendoshuu's ship in danger of detonating, the Yorozuya and their allies fight their enemies while the safety of Edo—and the rest of the world—hangs in the balance. Fulfilling the wishes of their teacher, Shouyou Yoshida's former students unite and relive their pasts one final time in an attempt to save their futures.

[Written by MAL Rewrite]",178200,9.05,84364,1511,,PG-13 - Teens 13 or older,1 4 8 24
8,Hunter x Hunter (2011),Hunter x Hunter,HUNTER×HUNTER（ハンター×ハンター）,TV,226152,Manga,148,Finished Airing,23 min per ep,"Hunters devote themselves to accomplishing hazardous tasks, all from traversing the world's uncharted territories to locating rare items and monsters. Before becoming a Hunter, one must pass the Hunter Examination—a high-risk selection process in which most applicants end up handicapped or worse, deceased.

Ambitious participants who challenge the notorious exam carry their own reason. What drives 12-year-old Gon Freecss is finding Ging, his father and a Hunter himself. Believing that he will meet his father by becoming a Hunter, Gon takes the first step to walk the same path.

During the Hunter Examination, Gon befriends the medical student Leorio Paladiknight, the vindictive Kurapika, and ex-assassin Killua Zoldyck. While their motives vastly differ from each other, they band together for a common goal and begin to venture into a perilous world.

[Written by MAL Rewrite]",3120330,9.03,1937548,8,2011.0,PG-13 - Teens 13 or older,1 2 10
12,One Piece Fan Letter,,ONE PIECE FAN LETTER,TV Special,2455,Light novel,1,Finished Airing,24 min,"Although the golden age of piracy is about to reach new heights, most people do not seek the glory of finding the elusive One Piece—a treasure signifying a new conqueror of all seas that was once embodied by the legendary King of the Pirates, Gol D. Roger. However, even if civilians generally despise pirates, they secretly cheer for at least one of them. 

One red-headed girl from Sabaody Archipelago is no exception: She reveres Nami, the ingenious female navigator of Monkey D. Luffy's Straw Hat crew. Determined to deliver a fan letter to her idol, the Sabaody child is prepared to challenge forces of authority who strive to prevent Luffy and his friends from departing for their next destination: the New World. But to succeed, Nami's fan may need to risk her life and interfere with the Marines' plans, potentially causing devastating consequences for the wider world.

[Written by MAL Rewrite]",138344,9.02,100352,1849,,PG-13 - Teens 13 or older,1 2 10
10,Gintama',Gintama Season 2,銀魂',TV,8529,Manga,51,Finished Airing,24 min per ep,"After a one-year hiatus, Shinpachi Shimura returns to Edo, only to stumble upon a shocking surprise: Gintoki and Kagura, his fellow Yorozuya members, have become completely different characters! Fleeing from the Yorozuya headquarters in confusion, Shinpachi finds that all the denizens of Edo have undergone impossibly extreme changes, in both appearance and personality. Most unbelievably, his sister Otae has married the Shinsengumi chief and shameless stalker Isao Kondou and is pregnant with their first child.

Bewildered, Shinpachi agrees to join the Shinsengumi at Otae and Kondou's request and finds even more startling transformations afoot both in and out of the ranks of the the organization. However, discovering that Vice Chief Toushirou Hijikata has remained unchanged, Shinpachi and his unlikely Shinsengumi ally set out to return the city of Edo to how they remember it.

With even more dirty jokes, tongue-in-cheek parodies, and shameless references, Gintama' follows the Yorozuya team through more of their misadventures in the vibrant, alien-filled world of Edo.

[Written by MAL Rewrite]",603828,9.02,253983,406,2011.0,PG-13 - Teens 13 or older,1 4 24
11,Gintama': Enchousen,Gintama: Enchousen,銀魂' 延長戦,TV,3145,Manga,13,Finished Airing,24 min per ep,"While Gintoki Sakata was away, the Yorozuya found themselves a new leader: Kintoki, Gintoki's golden-haired doppelganger. In order to regain his former position, Gintoki will need the help of those around him, a troubling feat when no one can remember him! Between Kintoki and Gintoki, who will claim the throne as the main character?

In addition, Yorozuya make a trip back down to red-light district of Yoshiwara to aid an elderly courtesan in her search for her long-lost lover. Although the district is no longer in chains beneath the earth's surface, the trio soon learn of the tragic backstories of Yoshiwara's inhabitants that still haunt them. With flashback after flashback, this quest has Yorozuya witnessing everlasting love and protecting it as best they can with their hearts and souls.

[Written by MAL Rewrite]",353131,9.02,177055,756,2012.0,PG-13 - Teens 13 or older,1 4 24
9,Ginga Eiyuu Densetsu,Legend of the Galactic Heroes,銀河英雄伝説,OVA,17533,Novel,110,Finished Airing,26 min per ep,"The 150-year-long stalemate between the two interstellar superpowers, the Galactic Empire and the Free Planets Alliance, comes to an end when a new generation of leaders arises: the idealistic military genius Reinhard von Lohengramm, and the FPA's reserved historian, Yang Wenli.

While Reinhard climbs the ranks of the Empire with the aid of his childhood friend, Siegfried Kircheis, he must fight not only the war, but also the remnants of the crumbling Goldenbaum Dynasty in order to free his sister from the Kaiser and unify humanity under one genuine ruler. Meanwhile, on the other side of the galaxy, Yang—a strong supporter of democratic ideals—has to stand firm in his beliefs, despite the struggles of the FPA, and show his pupil, Julian Mintz, that autocracy is not the solution.

As ideologies clash amidst the war's many casualties, the two strategic masterminds must ask themselves what the real reason behind their battle is.

[Written by MAL Rewrite]",355179,9.02,86212,753,,R - 17+ (violence & profanity),8 24
13,Bleach: Sennen Kessen-hen,Bleach: Thousand-Year Blood War,BLEACH 千年血戦篇,TV,22850,Manga,13,Finished Airing,24 min per ep,"Substitute Soul Reaper Ichigo Kurosaki spends his days fighting against Hollows, dangerous evil spirits that threaten Karakura Town. Ichigo carries out his quest with his closest allies: Orihime Inoue, his childhood friend with a talent for healing; Yasutora Sado, his high school classmate with superhuman strength; and Uryuu Ishida, Ichigo's Quincy rival.

Ichigo's vigilante routine is disrupted by the sudden appearance of Asguiaro Ebern, a dangerous Arrancar who heralds the return of Yhwach, an ancient Quincy king. Yhwach seeks to reignite the historic blood feud between Soul Reaper and Quincy, and he sets his sights on erasing both the human world and the Soul Society for good.

Yhwach launches a two-pronged invasion into both the Soul Society and Hueco Mundo, the home of Hollows and Arrancar. In retaliation, Ichigo and his friends must fight alongside old allies and enemies alike to end Yhwach's campaign of carnage before the world itself comes to an end.

[Written by MAL Rewrite]",676851,8.99,363768,349,2022.0,R - 17+ (violence & profanity),1 2 37
14,Gintama.,Gintama Season 5,銀魂。,TV,2812,Manga,12,Finished Airing,24 min per ep,"After joining the resistance against the bakufu, Gintoki and the gang are in hiding, along with Katsura and his Joui rebels. The Yorozuya is soon approached by Nobume Imai and two members of the Kiheitai, who explain that the Harusame pirates have turned against 7th Division Captain Kamui and their former ally Takasugi. The Kiheitai present Gintoki with a job: find Takasugi, who has been missing since his ship was ambushed in a Harusame raid. Nobume also makes a stunning revelation regarding the Tendoushuu, a secret organization pulling the strings of numerous factions, and their leader Utsuro, the shadowy figure with an uncanny resemblance to Gintoki's former teacher.

Hitching a ride on Sakamoto's space ship, the Yorozuya and Katsura set out for Rakuyou, Kagura's home planet, where the various factions have gathered and tensions are brewing. Long-held grudges, political infighting, and the Tendoushuu's sinister overarching plan finally culminate into a massive, decisive battle on Rakuyou.

[Written by MAL Rewrite]",343260,8.98,157745,785,2017.0,PG-13 - Teens 13 or older,1 4 24
15,Kaguya-sama wa Kokurasetai: Ultra Romantic,Kaguya-sama: Love is War -Ultra Romantic-,かぐや様は告らせたい-ウルトラロマンティック-,TV,32851,Manga,13,Finished Airing,23 min per ep,"The elite members of Shuchiin Academy's student council continue their competitive day-to-day antics. Council president Miyuki Shirogane clashes daily against vice-president Kaguya Shinomiya, each fighting tooth and nail to trick the other into confessing their romantic love. Kaguya struggles within the strict confines of her wealthy, uptight family, rebelling against her cold default demeanor as she warms to Shirogane and the rest of her friends.

Meanwhile, council treasurer Yuu Ishigami suffers under the weight of his hopeless crush on Tsubame Koyasu, a popular upperclassman who helps to instill a new confidence in him. Miko Iino, the newest student council member, grows closer to the rule-breaking Ishigami while striving to overcome her own authoritarian moral code.

As love further blooms at Shuchiin Academy, the student council officers drag their outsider friends into increasingly comedic conflicts.

[Written by MAL Rewrite]",1077698,8.96,614432,165,2022.0,PG-13 - Teens 13 or older,4 22
16,Fruits Basket: The Final,Fruits Basket: The Final Season,フルーツバスケット The Final,TV,21201,Manga,13,Finished Airing,23 min per ep,"Hundreds of years ago, the Chinese zodiac spirits and their god swore to stay together eternally. United by this promise, the possessed members of the Souma family shall always return to each other under any circumstances. Yet, when these bonds shackle them from freedom, it becomes an undesirable burden—a curse. As head of the clan, Akito is convinced that he shares a special connection with the other Soumas. While he desperately clings to this fantasy, the rest of the family remains isolated and suppressed by the fear of punishment.

Tooru Honda, who has grown attached to the Soumas, is determined to break the chains that bind them. Her companionship with the family and her friends encourages her to move forward with lifting the curse. However, due to confounding revelations, she struggles to find the tenacity to continue her endeavors. With time slowly withering away, Tooru contends with an uncertain future in hopes of reaching the tranquility that may lie beyond all this commotion.

[Written by MAL Rewrite]",549694,8.94,273315,446,2021.0,PG-13 - Teens 13 or older,8 22 37
17,Clannad: After Story,Clannad: After Story,CLANNAD〜AFTER STORY〜 クラナド アフターストーリー,TV,73132,Visual novel,24,Finished Airing,24 min per ep,"Tomoya Okazaki and Nagisa Furukawa have graduated from high school, and together, they experience the emotional rollercoaster of growing up. Unable to decide on a course for his future, Tomoya learns the value of a strong work ethic and discovers the strength of Nagisa's support. Through the couple's dedication and unity of purpose, they push forward to confront their personal problems, deepen their old relationships, and create new bonds.

Time also moves on in the Illusionary World. As the plains grow cold with the approach of winter, the Illusionary Girl and the Garbage Doll are presented with a difficult situation that reveals the World's true purpose.

[Written by MAL Rewrite]",1268781,8.93,692644,124,2008.0,PG-13 - Teens 13 or older,8 22
18,Gintama,Gintama,銀魂,TV,61397,Manga,201,Finished Airing,24 min per ep,"Edo is a city that was home to the vigor and ambition of samurai across the country. However, following feudal Japan's surrender to powerful aliens known as the ""Amanto,"" those aspirations now seem unachievable. With the once-influential shogunate rebuilt as a puppet government, a new law is passed that promptly prohibits all swords in public. 

Enter Gintoki Sakata, an eccentric silver-haired man who always carries around a wooden sword and maintains his stature as a samurai despite the ban. As the founder of Yorozuya, a small business for odd jobs, Gintoki often embarks on endeavors to help other people—though usually in rather strange and unforeseen ways. 

Assisted by Shinpachi Shimura, a boy with glasses supposedly learning the way of the samurai; Kagura, a tomboyish girl with superhuman strength and an endless appetite; and Sadaharu, their giant pet dog who loves biting on people's heads, the Yorozuya encounter anything from alien royalty to scuffles with local gangs in the ever-changing world of Edo.

[Written by MAL Rewrite]",1138711,8.93,419199,146,2006.0,PG-13 - Teens 13 or older,1 4 24
19,Koe no Katachi,A Silent Voice,聲の形,Movie,94646,Manga,1,Finished Airing,2 hr 10 min,"As a wild youth, elementary school student Shouya Ishida sought to beat boredom in the cruelest ways. When the deaf Shouko Nishimiya transfers into his class, Shouya and the rest of his class thoughtlessly bully her for fun. However, when her mother notifies the school, he is singled out and blamed for everything done to her. With Shouko transferring out of the school, Shouya is left at the mercy of his classmates. He is heartlessly ostracized all throughout elementary and middle school, while teachers turn a blind eye.

Now in his third year of high school, Shouya is still plagued by his wrongdoings as a young boy. Sincerely regretting his past actions, he sets out on a journey of redemption: to meet Shouko once more and make amends.

Koe no Katachi tells the heartwarming tale of Shouya's reunion with Shouko and his honest attempts to redeem himself, all while being continually haunted by the shadows of his past.
 
[Written by MAL Rewrite]",2558481,8.93,1761449,19,,PG-13 - Teens 13 or older,46 8
20,Kusuriya no Hitorigoto 2nd Season,The Apothecary Diaries Season 2,薬屋のひとりごと 第2期,TV,6747,Light novel,24,Finished Airing,24 min per ep,"Using her wit and vast knowledge of medicines and poisons alike, Maomao played a pivotal role in solving a series of mysteries and conspiracies that plagued the imperial court. Having recently come to terms with the secrets of her parents, she returns to fulfill her normal duties on behalf of the emperor's highest-ranking consorts. Maomao also works alongside the eunuch Jinshi to better the consorts' many ladies-in-waiting, including helping them learn to read.

However, with the arrival of a merchant caravan comes a new wave of intrigue. A pattern of strange coincidences involving the visitors and their wares unsettles Maomao, driving her to investigate the puzzling circumstances behind the convoy. As dangers from both outside and within threaten the balance between the imperial concubines, Maomao continues to utilize her cunning and medical expertise to keep the women safe from harm.

[Written by MAL Rewrite]",443303,8.91,219600,580,2025.0,PG-13 - Teens 13 or older,8 7
21,Code Geass: Hangyaku no Lelouch R2,Code Geass: Lelouch of the Rebellion R2,コードギアス 反逆のルルーシュ R2,TV,80236,Original,25,Finished Airing,24 min per ep,"One year has passed since the Black Rebellion, a failed uprising against the Holy Britannian Empire led by the masked vigilante Zero, who is now missing. At a loss without their revolutionary leader, Area 11's resistance group—the Black Knights—find themselves too powerless to combat the brutality inflicted upon the Elevens by Britannia, which has increased significantly in order to crush any hope of a future revolt. 

Lelouch Lamperouge, having lost all memory of his double life, is living peacefully alongside his friends as a high school student at Ashford Academy. His former partner C.C., unable to accept this turn of events, takes it upon herself to remind him of his past purpose, hoping that the mastermind Zero will rise once again to finish what he started.

[Written by MAL Rewrite]",1920744,8.91,1277358,47,2008.0,R - 17+ (violence & profanity),46 8 24
22,3-gatsu no Lion 2nd Season,March Comes In Like a Lion 2nd Season,3月のライオン 第2シリーズ,TV,15366,Manga,22,Finished Airing,25 min per ep,"Now in his second year of high school, Rei Kiriyama continues pushing through his struggles in the professional shogi world as well as his personal life. Surrounded by vibrant personalities at the shogi hall, the school club, and in the local community, his solitary shell slowly begins to crack. Among them are the three Kawamoto sisters—Akari, Hinata, and Momo—who forge an affectionate and familial bond with Rei. Through these ties, he realizes that everyone is burdened by their own emotional hardships and begins learning how to rely on others while supporting them in return. 

Nonetheless, the life of a professional is not easy. Between tournaments, championships, and title matches, the pressure mounts as Rei advances through the ranks and encounters incredibly skilled opponents. As he manages his relationships with those who have grown close to him, the shogi player continues to search for the reason he plays the game that defines his career.

[Written by MAL Rewrite]",432665,8.9,212635,601,2017.0,PG-13 - Teens 13 or older,8
23,Gintama Movie 2: Kanketsu-hen - Yorozuya yo Eien Nare,Gintama: The Movie: The Final Chapter: Be Forever Yorozuya,劇場版 銀魂 完結篇 万事屋よ永遠なれ,Movie,2151,Manga,1,Finished Airing,1 hr 50 min,"When Gintoki apprehends a movie pirate at a premiere, he checks the camera's footage and finds himself transported to a bleak, post-apocalyptic version of Edo, where a mysterious epidemic called the ""White Plague"" has ravished the world's population. It turns out that the movie pirate wasn't a pirate after all—it was an android time machine, and Gintoki has been hurtled five years into the future! Shinpachi and Kagura, his Yorozuya cohorts, have had a falling out and are now battle-hardened solo vigilantes and he himself has been missing for years, disappearing without a trace after scribbling a strange message in his journal.

Setting out in the disguise given to him by the android time machine, Gintoki haphazardly reunites the Yorozuya team to investigate the White Plague, and soon discovers that the key to saving the future lies in the darkness of his own past. Determined to confront a powerful foe, he makes an important discovery—with a ragtag band of friends and allies at his side, he doesn't have to fight alone.

[Written by MAL Rewrite]",259342,8.89,143278,1061,,PG-13 - Teens 13 or older,1 4 24
24,Monster,Monster,モンスター,TV,60402,Manga,74,Finished Airing,24 min per ep,"Dr. Kenzou Tenma, an elite neurosurgeon recently engaged to his hospital director's daughter, is well on his way to ascending the hospital hierarchy. That is until one night, a seemingly small event changes Dr. Tenma's life forever. While preparing to perform surgery on someone, he gets a call from the hospital director telling him to switch patients and instead perform life-saving brain surgery on a famous performer. His fellow doctors, fiancée, and the hospital director applaud his accomplishment; but because of the switch, a poor immigrant worker is dead, causing Dr. Tenma to have a crisis of conscience.

So when a similar situation arises, Dr. Tenma stands his ground and chooses to perform surgery on the young boy Johan Liebert instead of the town's mayor. Unfortunately, this choice leads to serious ramifications for Dr. Tenma—losing his social standing being one of them. However, with the mysterious death of the director and two other doctors, Dr. Tenma's position is restored. With no evidence to convict him, he is released and goes on to attain the position of hospital director. 

Nine years later when Dr. Tenma saves the life of a criminal, his past comes back to haunt him—once again, he comes face to face with the monster he operated on. He must now embark on a quest of pursuit to make amends for the havoc spread by the one he saved.

[Written by MAL Rewrite]",1289364,8.89,494189,120,2004.0,R+ - Mild Nudity,8 7 41
25,Gintama. Shirogane no Tamashii-hen - Kouhan-sen,Gintama. Silver Soul Arc - Second Half War,銀魂. 銀ノ魂篇 後半戦,TV,1087,Manga,14,Finished Airing,24 min per ep,"Following the temporary retreat of the Altana Liberation Army from the Kabuki District, the state of the war has seemingly improved. However, as the Oniwaban, Shinsengumi, and residents of the district combat the army's remnants, Edo's greatest inventor Gengai Hiraga is abducted. Responsible for causing the enemy's withdrawal by rendering their weapons useless, Gengai's nanomachine virus is now at risk of being shut down.

Meanwhile, a laser capable of obliterating a planet is activated in Earth's orbit on the Liberation Army's mother ship. Another battle ensues when Shinsuke Takasugi and the rest of the Kiheitai arrive on the vessel to stop the weapon from firing. Forced to fight a war on two fronts, the Yorozuya and their allies must prevail on both sides to save Edo and the rest of the world.

[Written by MAL Rewrite]",222021,8.88,105353,1235,2018.0,PG-13 - Teens 13 or older,1 4 24
